Gender,Stat,Age,5th,10th,25th,50th,75th,90th,95th
F,H,0,46.08383,46.76056,47.89133,49.1477,50.40407,51.53484,52.21157
F,H,1,50.4728,51.18277,52.3691,53.6872,55.0053,56.19163,56.9016
F,H,2,53.71811,54.45785,55.69393,57.0673,58.44067,59.67675,60.41649
F,H,3,56.34038,57.10515,58.38306,59.8029,61.22274,62.50065,63.26542
F,H,4,58.52969,59.31604,60.63,62.0899,63.5498,64.86376,65.65011
F,H,5,60.38286,61.18844,62.53451,64.0301,65.52569,66.87176,67.67734
F,H,6,62.00319,62.82658,64.20243,65.7311,67.25977,68.63562,69.45901
F,H,7,63.47888,64.32005,65.72562,67.2873,68.84898,70.25455,71.09572
F,H,8,64.85973,65.71894,67.15464,68.7498,70.34496,71.78066,72.63987
F,H,9,66.16996,67.0476,68.51411,70.1435,71.77289,73.2394,74.11704
F,H,10,67.42304,68.31951,69.81746,71.4818,73.14614,74.64409,75.54056
F,H,11,68.62467,69.54048,71.07075,72.771,74.47125,76.00152,76.91733
F,H,12,69.77953,70.71503,72.2782,74.015,75.7518,77.31497,78.25047
F,H,13,70.89228,71.84762,73.44396,75.2176,76.99124,78.58758,79.54292
F,H,14,71.96683,72.94195,74.57133,76.3817,78.19207,79.82145,80.79657
F,H,15,73.00432,73.99947,75.66234,77.5099,79.35746,81.02033,82.01548
F,H,16,74.00908,75.0243,76.72069,78.6055,80.49031,82.1867,83.20192
F,H,17,74.98475,76.01981,77.74936,79.671,81.59264,83.32219,84.35725
F,H,18,75.93146,76.98644,78.74927,80.7079,82.66653,84.42936,85.48434
F,H,19,76.8524,77.92712,79.72293,81.7182,83.71347,85.50928,86.584
F,H,20,77.74783,78.84242,80.67144,82.7036,84.73576,86.56478,87.65937
F,H,21,78.62035,79.73466,81.59662,83.6654,85.73418,87.59614,88.71045
F,H,22,79.47174,80.60531,82.49946,84.604,86.70854,88.60269,89.73626
F,H,23,80.3,81.453,83.3796,85.5202,87.6608,89.5874,90.7404
F,H,24,81.10777,82.28006,84.23889,86.4153,88.59171,90.55054,91.72283
F,W,0,2.532145,2.677725,2.932331,3.2322,3.55035,3.852667,4.040959
F,W,1,3.326209,3.502477,3.814261,4.1873,4.590075,4.979539,5.225436
F,W,2,4.13172,4.335355,4.695944,5.1282,5.596104,6.049862,6.337067
F,W,3,4.745935,4.970282,5.368044,5.8458,6.364222,6.868317,7.188096
F,W,4,5.238858,5.480078,5.90832,6.4237,6.984281,7.530756,7.87815
F,W,5,5.642267,5.897544,6.351329,6.8985,7.495018,8.077933,8.449225
F,W,6,5.97888,6.246243,6.72212,7.297,7.925102,8.540297,8.93289
F,W,7,6.267836,6.546104,7.042017,7.6422,8.299352,8.94444,9.356859
F,W,8,6.522061,6.810403,7.324907,7.9487,8.633118,9.306424,9.737639
F,W,9,6.750018,7.047717,7.579535,8.2254,8.935413,9.63531,10.08429
F,W,10,6.958886,7.265345,7.813398,8.48,9.214115,9.939115,10.4049
F,W,11,7.15483,7.46957,8.032975,8.7192,9.476145,10.22495,10.7067
F,W,12,7.342376,7.665043,8.24313,8.9481,9.726833,10.49835,10.99531
F,W,13,7.524538,7.854825,8.446994,9.1699,9.969431,10.76258,11.27401
F,W,14,7.70313,8.040838,8.646697,9.387,10.20666,11.02071,11.54612
F,W,15,7.879566,8.224501,8.843658,9.6008,10.43988,11.27403,11.81285
F,W,16,8.054179,8.406286,9.038616,9.8124,10.67062,11.52454,12.07652
F,W,17,8.227652,8.586898,9.232317,10.0226,10.89976,11.77319,12.33814
F,W,18,8.399952,8.766325,9.424795,10.2315,11.12747,12.02024,12.59804
F,W,19,8.570832,8.944403,9.616043,10.4393,11.3542,12.26642,12.85712
F,W,20,8.74076,9.121584,9.806487,10.6464,11.58033,12.51209,13.11573
F,W,21,8.909946,9.298148,9.996544,10.8534,11.80669,12.75831,13.37511
F,W,22,9.078906,9.474611,10.18672,11.0608,12.03376,13.00554,13.6357
F,W,23,9.247632,9.651002,10.37713,11.2688,12.26184,13.25422,13.89801
F,W,24,9.416516,9.827655,10.56799,11.4775,12.49092,13.50419,14.16181
M,H,0,46.77032,47.45809,48.60732,49.8842,51.16108,52.31031,52.99808
M,H,1,51.52262,52.2298,53.41147,54.7244,56.03733,57.219,57.92618
M,H,2,55.13442,55.8612,57.0756,58.4249,59.7742,60.9886,61.71538
M,H,3,58.06652,58.80924,60.0503,61.4292,62.8081,64.04916,64.79188
M,H,4,60.46344,61.21939,62.48254,63.886,65.28946,66.55261,67.30856
M,H,5,62.42946,63.19658,64.4784,65.9026,67.3268,68.60862,69.37574
M,H,6,64.10314,64.88071,66.18,67.6236,69.0672,70.36649,71.14406
M,H,7,65.5934,66.38216,67.70013,69.1645,70.62887,71.94684,72.7356
M,H,8,66.97163,67.77291,69.1118,70.5994,72.087,73.42589,74.22717
M,H,9,68.27886,69.09384,70.45564,71.9687,73.48176,74.84356,75.65854
M,H,10,69.52286,70.35297,71.74005,73.2812,74.82235,76.20943,77.03954
M,H,11,70.70738,71.55363,72.96769,74.5388,76.10991,77.52397,78.37022
M,H,12,71.84023,72.70353,74.14605,75.7488,77.35155,78.79407,79.65737
M,H,13,72.92816,73.80954,75.28228,76.9186,78.55492,80.02766,80.90904
M,H,14,73.97491,74.87492,76.37879,78.0497,79.72061,81.22448,82.12449
M,H,15,74.98384,75.9031,77.43914,79.1458,80.85246,82.3885,83.30776
M,H,16,75.96033,76.89925,78.46814,80.2113,81.95446,83.52335,84.46227
M,H,17,76.90533,77.86466,79.46765,81.2487,83.02975,84.63274,85.59207
M,H,18,77.8221,78.80202,80.43942,82.2587,84.07798,85.71538,86.6953
M,H,19,78.70973,79.71074,81.38338,83.2418,85.10022,86.77286,87.77387
M,H,20,79.57106,80.59338,82.30162,84.1996,86.09758,87.80582,88.82814
M,H,21,80.40724,81.45143,83.19621,85.1348,87.07339,88.81817,89.86236
M,H,22,81.22133,82.28734,84.06859,86.0477,88.02681,89.80806,90.87407
M,H,23,82.01447,83.1026,84.92082,86.941,88.96118,90.7794,91.86753
M,H,24,82.79087,83.9008,85.75545,87.8161,89.87675,91.7314,92.84133
M,W,0,2.603994,2.757621,3.027282,3.3464,3.686659,4.011499,4.214527
M,W,1,3.566165,3.752603,4.080792,4.4709,4.889123,5.290726,5.542933
M,W,2,4.522344,4.738362,5.117754,5.5675,6.048448,6.509323,6.798348
M,W,3,5.240269,5.475519,5.888058,6.3762,6.897306,7.395936,7.708329
M,W,4,5.797135,6.046988,6.484777,7.0023,7.554286,8.082087,8.412602
M,W,5,6.244465,6.507016,6.966941,7.5105,8.090161,8.644384,8.991445
M,W,6,6.611702,6.885864,7.366195,7.934,8.539707,9.119041,9.481939
M,W,7,6.922131,7.207057,7.706413,8.297,8.927371,9.530656,9.908738
M,W,8,7.19127,7.486158,8.003205,8.6151,9.268678,9.894622,10.28713
M,W,9,7.431644,7.735837,8.26946,8.9014,9.5769,10.22433,10.63055
M,W,10,7.651572,7.964565,8.5139,9.1649,9.861313,10.5293,10.94868
M,W,11,7.857229,8.178615,8.742959,9.4122,10.12867,10.81641,11.24845
M,W,12,8.052577,8.382077,8.960956,9.6479,10.38387,11.09087,11.53526
M,W,13,8.239848,8.577324,9.170505,9.8749,10.63014,11.35618,11.81281
M,W,14,8.421033,8.76637,9.373665,10.0953,10.86959,11.61449,12.08325
M,W,15,8.597424,8.950586,9.571948,10.3108,11.10416,11.86797,12.34891
M,W,16,8.770274,9.13126,9.7667,10.5228,11.33528,12.11808,12.61125
M,W,17,8.939942,9.308795,9.958406,10.7319,11.5637,12.36571,12.87128
M,W,18,9.107002,9.483736,10.14755,10.9385,11.7897,12.61101,13.12906
M,W,19,9.27136,9.656076,10.33431,11.143,12.01396,12.855,13.38579
M,W,20,9.434095,9.826848,10.51961,11.3462,12.23713,13.09811,13.64181
M,W,21,9.595435,9.996335,10.70383,11.5486,12.45983,13.3411,13.89795
M,W,22,9.755556,10.16471,10.88716,11.7504,12.6823,13.58426,14.15453
M,W,23,9.914417,10.33191,11.06946,11.9514,12.90424,13.82718,14.41108
M,W,24,10.07194,10.49784,11.25065,12.1515,13.12555,14.06979,14.66753
M,H,24,80.72977,81.99171,84.10289,86.4522,88.80525,90.92619,92.19688
M,H,24.5,81.08868,82.36401,84.49471,86.86161,89.22805,91.35753,92.63177
M,H,25.5,81.83445,83.11387,85.25888,87.65247,90.05675,92.22966,93.53407
M,H,26.5,82.56406,83.84716,86.00517,88.42326,90.8626,93.07608,94.40885
M,H,27.5,83.27899,84.56534,86.73507,89.17549,91.64711,93.89827,95.25754
M,H,28.5,83.98045,85.26962,87.44977,89.91041,92.41159,94.69757,96.08149
M,H,29.5,84.66948,85.96098,88.15028,90.62908,93.15719,95.47522,96.88198
M,H,30.5,85.34694,86.64027,88.83745,91.33242,93.88496,96.23239,97.66027
M,H,31.5,86.01357,87.3082,89.51202,92.02127,94.59585,96.97022,98.41758
M,H,32.5,86.66999,87.9654,90.17464,92.69638,95.2908,97.68978,99.15514
M,H,33.5,87.3168,88.61244,90.82592,93.35847,95.97068,98.39218,99.87416
M,H,34.5,87.95452,89.24986,91.46645,94.00823,96.63637,99.07848,100.5759
M,H,35.5,88.58366,89.87816,92.0968,94.64637,97.28875,99.74979,101.2615
M,H,36.5,89.20473,90.49789,92.71756,95.27359,97.9287,100.4072,101.9324
M,H,37.5,89.77301,91.08608,93.3344,95.91475,98.58525,101.069,102.593
M,H,38.5,90.33306,91.66589,93.94268,96.54734,99.23358,101.7234,103.247
M,H,39.5,90.88532,92.23779,94.54291,97.17191,99.87426,102.3709,103.8948
M,H,40.5,91.43025,92.80225,95.13557,97.78898,100.5078,103.012,104.537
M,H,41.5,91.96832,93.35972,95.72115,98.39903,101.1348,103.6473,105.1739
M,H,42.5,92.49999,93.91068,96.30009,99.00254,101.7556,104.2771,105.8061
M,H,43.5,93.0257,94.45556,96.87286,99.59998,102.3708,104.9021,106.434
M,H,44.5,93.54592,94.99482,97.43989,100.1918,102.9807,105.5225,107.0579
M,H,45.5,94.06109,95.52888,98.00159,100.7783,103.5858,106.1387,107.6784
M,H,46.5,94.57166,96.05817,98.55838,101.36,104.1865,106.7513,108.2956
M,H,47.5,95.07806,96.5831,99.11064,101.9373,104.7831,107.3604,108.9101
M,H,48.5,95.5807,97.10407,99.65875,102.5105,105.3759,107.9665,109.522
M,H,49.5,96.08,97.62147,100.2031,103.0799,105.9654,108.5698,110.1317
M,H,50.5,96.57635,98.13566,100.7439,103.6459,106.5518,109.1706,110.7394
M,H,51.5,97.07013,98.64701,101.2817,104.2087,107.1354,109.7693,111.3454
M,H,52.5,97.5617,99.15585,101.8166,104.7687,107.7165,110.366,111.95
M,H,53.5,98.05141,99.6625,102.3491,105.3262,108.2953,110.9609,112.5533
M,H,54.5,98.53958,100.1673,102.8792,105.8813,108.872,111.5543,113.1555
M,H,55.5,99.02654,100.6705,103.4074,106.4343,109.4469,112.1464,113.7568
M,H,56.5,99.51256,101.1723,103.9339,106.9855,110.0201,112.7374,114.3574
M,H,57.5,99.99791,101.6731,104.4588,107.535,110.5919,113.3273,114.9575
M,H,58.5,100.4828,102.173,104.9825,108.083,111.1623,113.9164,115.557
M,H,59.5,100.9676,102.6723,105.505,108.6296,111.7316,114.5047,116.1561
M,H,60.5,101.4523,103.1712,106.0265,109.1751,112.2998,115.0924,116.755
M,H,61.5,101.9372,103.6697,106.5472,109.7196,112.8671,115.6795,117.3536
M,H,62.5,102.4225,104.1682,107.0673,110.2631,113.4335,116.2661,117.9521
M,H,63.5,102.9082,104.6666,107.5868,110.8058,113.9992,116.8522,118.5505
M,H,64.5,103.3945,105.1651,108.1058,111.3477,114.5641,117.438,119.1487
M,H,65.5,103.8814,105.6638,108.6244,111.889,115.1284,118.0234,119.7469
M,H,66.5,104.369,106.1627,109.1427,112.4296,115.6921,118.6084,120.345
M,H,67.5,104.8574,106.6619,109.6607,112.9696,116.2551,119.1931,120.943
M,H,68.5,105.3466,107.1614,110.1785,113.509,116.8176,119.7774,121.5408
M,H,69.5,105.8364,107.6611,110.696,114.0479,117.3794,120.3613,122.1384
M,H,70.5,106.327,108.1612,111.2132,114.5861,117.9407,120.9447,122.7359
M,H,71.5,106.8182,108.6614,111.7302,115.1238,118.5012,121.5277,123.333
M,H,72.5,107.3099,109.1619,112.2469,115.6609,119.0611,122.1101,123.9297
M,H,73.5,107.8021,109.6624,112.7631,116.1973,119.6203,122.6918,124.526
M,H,74.5,108.2946,110.1629,113.2789,116.7329,120.1786,123.2729,125.1217
M,H,75.5,108.7873,110.6633,113.7942,117.2678,120.7361,123.8532,125.7168
M,H,76.5,109.2801,111.1634,114.3089,117.8018,121.2926,124.4327,126.3111
M,H,77.5,109.7727,111.6631,114.8229,118.3348,121.848,125.0111,126.9045
M,H,78.5,110.2649,112.1623,115.336,118.8668,122.4024,125.5884,127.4969
M,H,79.5,110.7566,112.6608,115.8481,119.3977,122.9555,126.1646,128.0882
M,H,80.5,111.2476,113.1583,116.3592,119.9272,123.5073,126.7394,128.6782
M,H,81.5,111.7375,113.6548,116.869,120.4554,124.0576,127.3128,129.2668
M,H,82.5,112.2263,114.1499,117.3774,120.9821,124.6064,127.8846,129.8538
M,H,83.5,112.7135,114.6436,117.8842,121.5072,125.1535,128.4547,130.4392
M,H,84.5,113.1991,115.1356,118.3893,122.0305,125.6987,129.023,131.0226
M,H,85.5,113.6827,115.6257,118.8926,122.552,126.2421,129.5893,131.6041
M,H,86.5,114.1642,116.1136,119.3938,123.0714,126.7834,130.1535,132.1834
M,H,87.5,114.6431,116.5992,119.8927,123.5886,127.3225,130.7154,132.7605
M,H,88.5,115.1194,117.0822,120.3893,124.1035,127.8594,131.275,133.335
M,H,89.5,115.5927,117.5625,120.8833,124.616,128.3937,131.8321,133.907
M,H,90.5,116.0629,118.0398,121.3746,125.1259,128.9256,132.3865,134.4763
M,H,91.5,116.5297,118.5139,121.863,125.6331,129.4547,132.9381,135.0426
M,H,92.5,116.9928,118.9847,122.3483,126.1374,129.981,133.4868,135.606
M,H,93.5,117.4521,119.4519,122.8305,126.6388,130.5044,134.0325,136.1662
M,H,94.5,117.9074,119.9153,123.3092,127.137,131.0247,134.5751,136.7231
M,H,95.5,118.3585,120.3749,123.7845,127.632,131.5419,135.1144,137.2767
M,H,96.5,118.8053,120.8305,124.2562,128.1237,132.0559,135.6504,137.8267
M,H,97.5,119.2475,121.2819,124.7242,128.6119,132.5664,136.1829,138.3731
M,H,98.5,119.6851,121.729,125.1882,129.0966,133.0736,136.7118,138.9159
M,H,99.5,120.1179,122.1716,125.6484,129.5777,133.5771,137.2371,139.4548
M,H,100.5,120.5459,122.6099,126.1045,130.055,134.0771,137.7587,139.9899
M,H,101.5,120.969,123.0435,126.5565,130.5286,134.5734,138.2765,140.5211
M,H,102.5,121.3872,123.4726,127.0044,130.9983,135.066,138.7905,141.0484
M,H,103.5,121.8004,123.897,127.4481,131.4641,135.5548,139.3006,141.5716
M,H,104.5,122.2086,124.3168,127.8876,131.926,136.0397,139.8069,142.0908
M,H,105.5,122.6119,124.7319,128.3228,132.384,136.5209,140.3093,142.6061
M,H,106.5,123.0103,125.1425,128.7539,132.8381,136.9982,140.8077,143.1173
M,H,107.5,123.4039,125.5485,129.1807,133.2882,137.4717,141.3023,143.6245
M,H,108.5,123.7928,125.9501,129.6035,133.7345,137.9414,141.793,144.1278
M,H,109.5,124.1771,126.3473,130.0222,134.1769,138.4073,142.28,144.6272
M,H,110.5,124.5569,126.7402,130.4369,134.6155,138.8696,142.7632,145.1228
M,H,111.5,124.9325,127.1291,130.8477,135.0504,139.3282,143.2428,145.6148
M,H,112.5,125.304,127.514,131.2548,135.4818,139.7833,143.7188,146.1032
M,H,113.5,125.6717,127.8953,131.6584,135.9097,140.235,144.1915,146.5882
M,H,114.5,126.0358,128.273,132.0585,136.3343,140.6835,144.661,147.0699
M,H,115.5,126.3966,128.6474,132.4555,136.7557,141.1289,145.1273,147.5486
M,H,116.5,126.7544,129.0189,132.8495,137.1742,141.5713,145.5909,148.0245
M,H,117.5,127.1096,129.3876,133.2407,137.5899,142.0111,146.0518,148.4979
M,H,118.5,127.4624,129.754,133.6295,138.0032,142.4484,146.5103,148.9689
M,H,119.5,127.8132,130.1183,134.0161,138.4143,142.8835,146.9668,149.438
M,H,120.5,128.1625,130.4809,134.4008,138.8234,143.3168,147.4214,149.9053
M,H,121.5,128.5106,130.8422,134.7841,139.231,143.7484,147.8747,150.3714
M,H,122.5,128.8579,131.2026,135.1663,139.6373,144.1789,148.3268,150.8365
M,H,123.5,129.2051,131.5625,135.5477,140.0427,144.6085,148.7782,151.301
M,H,124.5,129.5524,131.9224,135.9288,140.4477,145.0377,149.2294,151.7655
M,H,125.5,129.9004,132.2828,136.3101,140.8527,145.4669,149.6808,152.2303
M,H,126.5,130.2496,132.6441,136.692,141.2582,145.8965,150.1329,152.696
M,H,127.5,130.6005,133.0068,137.075,141.6646,146.3272,150.5861,153.1631
M,H,128.5,130.9536,133.3714,137.4597,142.0725,146.7593,151.041,153.6321
M,H,129.5,131.3094,133.7386,137.8466,142.4824,147.1936,151.4982,154.1035
M,H,130.5,131.6686,134.1089,138.2362,142.8949,147.6305,151.9583,154.578
M,H,131.5,132.0316,134.4828,138.6292,143.3107,148.0707,152.4218,155.0562
M,H,132.5,132.399,134.8608,139.0262,143.7304,148.5147,152.8894,155.5386
M,H,133.5,132.7714,135.2437,139.4278,144.1545,148.9633,153.3617,156.0258
M,H,134.5,133.1491,135.6318,139.8346,144.5838,149.4172,153.8394,156.5186
M,H,135.5,133.5329,136.026,140.2472,145.019,149.8769,154.323,157.0174
M,H,136.5,133.9232,136.4266,140.6664,145.4607,150.3433,154.8133,157.5229
M,H,137.5,134.3205,136.8343,141.0928,145.9097,150.8169,155.3109,158.0356
M,H,138.5,134.7252,137.2496,141.5269,146.3665,151.2984,155.8164,158.5562
M,H,139.5,135.1378,137.673,141.9694,146.832,151.7885,156.3303,159.0851
M,H,140.5,135.5588,138.105,142.4209,147.3066,152.2878,156.8532,159.6228
M,H,141.5,135.9885,138.5461,142.882,147.7911,152.7969,157.3857,160.1697
M,H,142.5,136.4271,138.9968,143.3532,148.2859,153.3164,157.928,160.7262
M,H,143.5,136.8751,139.4573,143.835,148.7917,153.8466,158.4807,161.2924
M,H,144.5,137.3326,139.928,144.3277,149.3088,154.3881,159.0439,161.8686
M,H,145.5,137.7998,140.4091,144.8317,149.8376,154.941,159.6179,162.4549
M,H,146.5,138.2769,140.9009,145.3473,150.3784,155.5056,160.2026,163.0511
M,H,147.5,138.7638,141.4034,145.8746,150.9313,156.0819,160.7981,163.6571
M,H,148.5,139.2605,141.9167,146.4137,151.4964,156.6699,161.4041,164.2726
M,H,149.5,139.767,142.4407,146.9645,152.0735,157.2694,162.0203,164.8972
M,H,150.5,140.2831,142.9752,147.5269,152.6624,157.88,162.6462,165.5302
M,H,151.5,140.8085,143.52,148.1005,153.2627,158.5012,163.2811,166.1711
M,H,152.5,141.3429,144.0746,148.6849,153.8738,159.1324,163.9243,166.8187
M,H,153.5,141.8859,144.6388,149.2795,154.4951,159.7725,164.5748,167.4723
M,H,154.5,142.4369,145.2117,149.8836,155.1255,160.4207,165.2314,168.1305
M,H,155.5,142.9955,145.7928,150.4962,155.7642,161.0758,165.893,168.7923
M,H,156.5,143.5608,146.3813,151.1165,156.4099,161.7364,166.5581,169.4561
M,H,157.5,144.1322,146.9763,151.7433,157.0612,162.401,167.2253,170.1205
M,H,158.5,144.7089,147.5767,152.3754,157.7168,163.0682,167.8929,170.784
M,H,159.5,145.29,148.1815,153.0113,158.3751,163.7363,168.5594,171.445
M,H,160.5,145.8746,148.7896,153.6498,159.0344,164.4035,169.2231,172.1018
M,H,161.5,146.4615,149.3998,154.2892,159.6931,165.0681,169.8822,172.7528
M,H,162.5,147.0498,150.0107,154.928,160.3493,165.7283,170.535,173.3965
M,H,163.5,147.6385,150.621,155.5647,161.0015,166.3823,171.1798,174.0312
M,H,164.5,148.2262,151.2295,156.1977,161.6478,167.0284,171.8151,174.6554
M,H,165.5,148.812,151.8348,156.8253,162.2865,167.665,172.4393,175.2677
M,H,166.5,149.3947,152.4355,157.4462,162.9161,168.2905,173.0509,175.8668
M,H,167.5,149.9731,153.0304,158.0587,163.535,168.9033,173.6486,176.4515
M,H,168.5,150.5461,153.6181,158.6615,164.1418,169.5022,174.2313,177.0206
M,H,169.5,151.1127,154.1975,159.2532,164.7352,170.0859,174.7978,177.5733
M,H,170.5,151.6717,154.7674,159.8327,165.314,170.6535,175.3473,178.1088
M,H,171.5,152.2221,155.3268,160.3988,165.8771,171.2039,175.879,178.6264
M,H,172.5,152.763,155.8746,160.9506,166.4236,171.7364,176.3923,179.1256
M,H,173.5,153.2935,156.4099,161.4872,166.9528,172.2504,176.8868,179.6061
M,H,174.5,153.8127,156.9319,162.0078,167.4641,172.7455,177.3622,180.0676
M,H,175.5,154.32,157.4399,162.5118,167.9571,173.2213,177.8183,180.5102
M,H,176.5,154.8147,157.9334,162.9988,168.4313,173.6778,178.2551,180.9338
M,H,177.5,155.2961,158.4118,163.4685,168.8867,174.1148,178.6727,181.3385
M,H,178.5,155.7638,158.8747,163.9205,169.3231,174.5324,179.0712,181.7247
M,H,179.5,156.2174,159.3218,164.3547,169.7405,174.9309,179.451,182.0927
M,H,180.5,156.6566,159.7529,164.7713,170.1393,175.3105,179.8124,182.4429
M,H,181.5,157.0811,160.168,165.1701,170.5195,175.6716,180.1559,182.7757
M,H,182.5,157.4907,160.5669,165.5514,170.8815,176.0146,180.482,183.0918
M,H,183.5,157.8853,160.9498,165.9154,171.2257,176.34,180.7912,183.3916
M,H,184.5,158.265,161.3167,166.2625,171.5525,176.6483,181.0841,183.6757
M,H,185.5,158.6298,161.6679,166.5929,171.8626,176.9402,181.3614,183.9449
M,H,186.5,158.9798,162.0035,166.9072,172.1563,177.2163,181.6236,184.1997
M,H,187.5,159.315,162.3239,167.2057,172.4343,177.4771,181.8715,184.4408
M,H,188.5,159.6359,162.6294,167.489,172.6972,177.7234,182.1056,184.6687
M,H,189.5,159.9425,162.9204,167.7576,172.9456,177.9558,182.3267,184.8843
M,H,190.5,160.2352,163.1973,168.012,173.1801,178.175,182.5353,185.0879
M,H,191.5,160.5143,163.4605,168.2528,173.4014,178.3815,182.7322,185.2804
M,H,192.5,160.7802,163.7104,168.4805,173.6101,178.5762,182.9179,185.4623
M,H,193.5,161.0332,163.9476,168.6958,173.8067,178.7595,183.0931,185.6341
M,H,194.5,161.2738,164.1725,168.8991,173.992,178.9321,183.2583,185.7965
M,H,195.5,161.5023,164.3856,169.0911,174.1665,179.0946,183.414,185.9498
M,H,196.5,161.7191,164.5873,169.2722,174.3308,179.2476,183.5609,186.0948
M,H,197.5,161.9247,164.7782,169.4431,174.4854,179.3915,183.6995,186.2318
M,H,198.5,162.1196,164.9587,169.6041,174.631,179.5271,183.8302,186.3613
M,H,199.5,162.3041,165.1292,169.756,174.768,179.6547,183.9535,186.4837
M,H,200.5,162.4786,165.2903,169.8991,174.8969,179.7748,184.0699,186.5995
M,H,201.5,162.6437,165.4424,170.0339,175.0182,179.888,184.1797,186.7091
M,H,202.5,162.7997,165.586,170.1608,175.1323,179.9946,184.2835,186.8128
M,H,203.5,162.947,165.7214,170.2804,175.2398,180.095,184.3815,186.911
M,H,204.5,163.086,165.8491,170.3931,175.341,180.1896,184.4741,187.004
M,H,205.5,163.2172,165.9694,170.4991,175.4362,180.2789,184.5617,187.0922
M,H,206.5,163.3409,166.0828,170.599,175.5259,180.3631,184.6446,187.1757
M,H,207.5,163.4575,166.1897,170.693,175.6104,180.4426,184.723,187.255
M,H,208.5,163.5673,166.2903,170.7816,175.6901,180.5176,184.7972,187.3302
M,H,209.5,163.6708,166.3851,170.865,175.7652,180.5885,184.8676,187.4016
M,H,210.5,163.7682,166.4743,170.9436,175.836,180.6555,184.9343,187.4694
M,H,211.5,163.8598,166.5583,171.0176,175.9028,180.7189,184.9975,187.5338
M,H,212.5,163.9461,166.6373,171.0873,175.9658,180.7789,185.0576,187.5951
M,H,213.5,164.0272,166.7116,171.1529,176.0254,180.8357,185.1146,187.6534
M,H,214.5,164.1034,166.7816,171.2148,176.0816,180.8895,185.1687,187.7088
M,H,215.5,164.1751,166.8474,171.2732,176.1348,180.9405,185.2202,187.7617
M,H,216.5,164.2424,166.9094,171.3282,176.185,180.9889,185.2692,187.812
M,H,217.5,164.3057,166.9676,171.3801,176.2326,181.0348,185.3159,187.86
M,H,218.5,164.3651,167.0224,171.429,176.2776,181.0784,185.3603,187.9057
M,H,219.5,164.4209,167.074,171.4752,176.3202,181.1199,185.4026,187.9494
M,H,220.5,164.4733,167.1224,171.5188,176.3606,181.1593,185.443,187.9911
M,H,221.5,164.5224,167.168,171.5599,176.3989,181.1968,185.4815,188.0309
M,H,222.5,164.5686,167.2109,171.5988,176.4352,181.2325,185.5182,188.069
M,H,223.5,164.6119,167.2513,171.6355,176.4697,181.2666,185.5534,188.1054
M,H,224.5,164.6526,167.2892,171.6701,176.5024,181.299,185.5869,188.1402
M,H,225.5,164.6907,167.325,171.7029,176.5335,181.33,185.619,188.1736
M,H,226.5,164.7265,167.3585,171.7339,176.563,181.3595,185.6497,188.2055
M,H,227.5,164.76,167.3902,171.7632,176.5911,181.3877,185.6791,188.236
M,H,228.5,164.7915,167.4199,171.791,176.6179,181.4147,185.7073,188.2653
M,H,229.5,164.821,167.4479,171.8172,176.6433,181.4405,185.7343,188.2934
M,H,230.5,164.8487,167.4742,171.8421,176.6676,181.4651,185.7601,188.3204
M,H,231.5,164.8746,167.499,171.8657,176.6907,181.4887,185.7849,188.3462
M,H,232.5,164.8989,167.5224,171.888,176.7127,181.5113,185.8087,188.3711
M,H,233.5,164.9217,167.5444,171.9091,176.7337,181.533,185.8316,188.3949
M,H,234.5,164.9431,167.5651,171.9292,176.7538,181.5538,185.8535,188.4178
M,H,235.5,164.9631,167.5846,171.9483,176.773,181.5737,185.8746,188.4399
M,H,236.5,164.9819,167.6029,171.9663,176.7913,181.5928,185.8949,188.461
M,H,237.5,164.9995,167.6203,171.9835,176.8088,181.6111,185.9144,188.4814
M,H,238.5,165.016,167.6366,171.9998,176.8255,181.6287,185.9331,188.501
M,H,239.5,165.0315,167.6519,172.0153,176.8415,181.6456,185.9512,188.5198
M,H,240,165.0389,167.6593,172.0227,176.8492,181.6538,185.9599,188.529
F,H,24,79.25982,80.52476,82.63524,84.97556,87.31121,89.40951,90.66355
F,H,24.5,79.64777,80.91946,83.04213,85.39732,87.74918,89.86316,91.12707
F,H,25.5,80.44226,81.73541,83.8943,86.29026,88.68344,90.83505,92.12168
F,H,26.5,81.22666,82.53699,84.72592,87.15714,89.58751,91.77421,93.08254
F,H,27.5,81.9954,83.31968,85.53389,87.99602,90.46018,92.67969,94.00873
F,H,28.5,82.74411,84.07998,86.31589,88.80551,91.30065,93.55097,94.89974
F,H,29.5,83.46957,84.81532,87.07028,89.58477,92.10859,94.38793,95.75551
F,H,30.5,84.16953,85.52398,87.79609,90.33342,92.88403,95.19083,96.57635
F,H,31.5,84.84264,86.205,88.49291,91.05154,93.62741,95.9603,97.36295
F,H,32.5,85.4883,86.85807,89.16084,91.73964,94.33951,96.69729,98.11632
F,H,33.5,86.10656,87.48344,89.80045,92.39854,95.0214,97.40303,98.83778
F,H,34.5,86.69803,88.08186,90.4127,93.02945,95.67446,98.07904,99.52891
F,H,35.5,87.26379,88.6545,90.99891,93.63382,96.30029,98.72705,100.1915
F,H,36.5,87.80528,89.20285,91.56066,94.21336,96.90071,99.34899,100.8276
F,H,37.5,88.34236,89.74875,92.12298,94.79643,97.50724,99.97896,101.4726
F,H,38.5,88.87256,90.28811,92.67925,95.37392,98.10855,100.604,102.1129
F,H,39.5,89.39733,90.82228,93.2307,95.94693,98.70568,101.2251,102.7494
F,H,40.5,89.91797,91.35246,93.7784,96.51645,99.29957,101.8432,103.383
F,H,41.5,90.43559,91.87972,94.32334,97.08337,99.89104,102.459,104.0144
F,H,42.5,90.95115,92.40497,94.86634,97.64848,100.4808,103.0732,104.6444
F,H,43.5,91.46549,92.92901,95.40817,98.21247,101.0696,103.6866,105.2736
F,H,44.5,91.97932,93.45252,95.94946,98.77593,101.6579,104.2996,105.9025
F,H,45.5,92.49325,93.97609,96.49076,99.3394,102.2462,104.9128,106.5316
F,H,46.5,93.00778,94.50021,97.03254,99.90331,102.835,105.5264,107.1613
F,H,47.5,93.52333,95.02528,97.57519,100.4681,103.4247,106.141,107.7919
F,H,48.5,94.04022,95.55164,98.11905,101.0339,104.0154,106.7567,108.4238
F,H,49.5,94.55872,96.07954,98.66436,101.6012,104.6075,107.3737,109.057
F,H,50.5,95.07903,96.60918,99.21132,102.17,105.2012,107.9924,109.6918
F,H,51.5,95.60128,97.14072,99.76009,102.7406,105.7965,108.6127,110.3283
F,H,52.5,96.12555,97.67423,100.3108,103.313,106.3936,109.2347,110.9665
F,H,53.5,96.65189,98.20976,100.8634,103.8873,106.9925,109.8585,111.6066
F,H,54.5,97.18029,98.74731,101.418,104.4635,107.5933,110.4841,112.2483
F,H,55.5,97.71069,99.28686,101.9745,105.0415,108.1958,111.1114,112.8917
F,H,56.5,98.24303,99.82832,102.5329,105.6213,108.8001,111.7404,113.5368
F,H,57.5,98.77719,100.3716,103.093,106.2029,109.406,112.3709,114.1833
F,H,58.5,99.31303,100.9165,103.6549,106.7861,110.0134,113.0028,114.8312
F,H,59.5,99.85039,101.463,104.2182,107.3707,110.6222,113.6359,115.4802
F,H,60.5,100.3891,102.0109,104.7829,107.9566,111.2321,114.2701,116.1301
F,H,61.5,100.9289,102.5599,105.3488,108.5436,111.8431,114.9052,116.7808
F,H,62.5,101.4696,103.1098,105.9156,109.1316,112.4548,115.5408,117.432
F,H,63.5,102.011,103.6604,106.4831,109.7202,113.0671,116.1768,118.0834
F,H,64.5,102.5529,104.2115,107.0512,110.3092,113.6797,116.813,118.7348
F,H,65.5,103.0948,104.7628,107.6194,110.8984,114.2923,117.449,119.3858
F,H,66.5,103.6367,105.3141,108.1877,111.4876,114.9048,118.0845,120.0362
F,H,67.5,104.1782,105.865,108.7556,112.0764,115.5167,118.7193,120.6857
F,H,68.5,104.7191,106.4154,109.323,112.6646,116.1278,119.3531,121.334
F,H,69.5,105.259,106.9648,109.8895,113.2519,116.7379,119.9855,121.9807
F,H,70.5,105.7976,107.5131,110.4549,113.838,117.3466,120.6163,122.6256
F,H,71.5,106.3348,108.0599,111.0189,114.4226,117.9537,121.2452,123.2684
F,H,72.5,106.8701,108.605,111.5812,115.0055,118.5588,121.8718,123.9086
F,H,73.5,107.4033,109.148,112.1415,115.5863,119.1616,122.4959,124.5461
F,H,74.5,107.9342,109.6888,112.6996,116.1648,119.7619,123.1171,125.1804
F,H,75.5,108.4624,110.227,113.255,116.7406,120.3594,123.7352,125.8114
F,H,76.5,108.9877,110.7623,113.8077,117.3136,120.9537,124.3499,126.4387
F,H,77.5,109.5099,111.2944,114.3572,117.8833,121.5447,124.9608,127.062
F,H,78.5,110.0285,111.8232,114.9034,118.4496,122.132,125.5678,127.6811
F,H,79.5,110.5435,112.3483,115.446,119.0123,122.7154,126.1705,128.2957
F,H,80.5,111.0545,112.8696,115.9847,119.571,123.2946,126.7688,128.9056
F,H,81.5,111.5613,113.3867,116.5193,120.1254,123.8695,127.3623,129.5105
F,H,82.5,112.0638,113.8995,117.0496,120.6755,124.4397,127.951,130.1103
F,H,83.5,112.5616,114.4077,117.5754,121.221,125.0051,128.5345,130.7047
F,H,84.5,113.0546,114.9112,118.0964,121.7617,125.5655,129.1127,131.2936
F,H,85.5,113.5427,115.4097,118.6125,122.2974,126.1207,129.6855,131.8768
F,H,86.5,114.0256,115.9031,119.1235,122.8279,126.6706,130.2526,132.4542
F,H,87.5,114.5031,116.3913,119.6293,123.3531,127.215,130.814,133.0256
F,H,88.5,114.9752,116.874,120.1297,123.8728,127.7539,131.3696,133.5911
F,H,89.5,115.4418,117.3512,120.6246,124.387,128.287,131.9194,134.1505
F,H,90.5,115.9026,117.8228,121.1138,124.8956,128.8144,132.4631,134.7038
F,H,91.5,116.3577,118.2886,121.5974,125.3985,129.3359,133.0009,135.251
F,H,92.5,116.8069,118.7486,122.0753,125.8956,129.8516,133.5328,135.7922
F,H,93.5,117.2502,119.2028,122.5473,126.3869,130.3615,134.0587,136.3273
F,H,94.5,117.6875,119.6511,123.0135,126.8724,130.8656,134.5787,136.8565
F,H,95.5,118.1189,120.0935,123.4739,127.3522,131.364,135.093,137.3798
F,H,96.5,118.5443,120.53,123.9285,127.8263,131.8567,135.6015,137.8975
F,H,97.5,118.9638,120.9607,124.3774,128.2947,132.3438,136.1046,138.4097
F,H,98.5,119.3774,121.3855,124.8207,128.7576,132.8255,136.6024,138.9166
F,H,99.5,119.7852,121.8047,125.2584,129.2152,133.302,137.095,139.4184
F,H,100.5,120.1873,122.2182,125.6906,129.6675,133.7734,137.5828,139.9155
F,H,101.5,120.5838,122.6263,126.1177,130.1148,134.2401,138.066,140.4082
F,H,102.5,120.9748,123.0291,126.5396,130.5574,134.7023,138.545,140.8968
F,H,103.5,121.3606,123.4268,126.9568,130.9954,135.1604,139.0201,141.3817
F,H,104.5,121.7413,123.8196,127.3694,131.4293,135.6146,139.4918,141.8633
F,H,105.5,122.1171,124.2078,127.7777,131.8593,136.0654,139.9604,142.3422
F,H,106.5,122.4884,124.5916,128.1822,132.2859,136.5132,140.4265,142.8188
F,H,107.5,122.8555,124.9715,128.5831,132.7094,136.9585,140.8906,143.2937
F,H,108.5,123.2186,125.3478,128.9808,133.1304,137.4018,141.3532,143.7674
F,H,109.5,123.5782,125.7208,129.3759,133.5493,137.8437,141.8149,144.2406
F,H,110.5,123.9347,126.0911,129.7689,133.9667,138.2847,142.2764,144.7139
F,H,111.5,124.2885,126.4592,130.1603,134.3832,138.7256,142.7382,145.1879
F,H,112.5,124.6402,126.8255,130.5506,134.7995,139.1669,143.2012,145.6634
F,H,113.5,124.9902,127.1907,130.9406,135.2163,139.6094,143.666,146.141
F,H,114.5,125.3393,127.5554,131.3309,135.6342,140.0538,144.1333,146.6215
F,H,115.5,125.688,127.9203,131.7223,136.054,140.501,144.6039,147.1056
F,H,116.5,126.0371,128.2861,132.1156,136.4766,140.9516,145.0785,147.594
F,H,117.5,126.3872,128.6537,132.5115,136.9027,141.4065,145.5579,148.0874
F,H,118.5,126.7392,129.0238,132.9109,137.3333,141.8665,146.0429,148.5865
F,H,119.5,127.094,129.3973,133.3147,137.7691,142.3324,146.5341,149.092
F,H,120.5,127.4524,129.7752,133.7239,138.2112,142.8051,147.0322,149.6044
F,H,121.5,127.8154,130.1584,134.1394,138.6602,143.2852,147.5379,150.1242
F,H,122.5,128.184,130.5479,134.562,139.1172,143.7735,148.0517,150.652
F,H,123.5,128.5591,130.9446,134.9929,139.5829,144.2707,148.5741,151.188
F,H,124.5,128.9419,131.3496,135.4328,140.0581,144.7773,149.1054,151.7325
F,H,125.5,129.3334,131.7639,135.8826,140.5435,145.2938,149.646,152.2856
F,H,126.5,129.7346,132.1885,136.3433,141.0397,145.8206,150.196,152.8473
F,H,127.5,130.1467,132.6243,136.8154,141.5472,146.3579,150.7552,153.4174
F,H,128.5,130.5705,133.0721,137.2997,142.0664,146.9059,151.3236,153.9955
F,H,129.5,131.0071,133.5329,137.7967,142.5974,147.4643,151.9008,154.5812
F,H,130.5,131.4573,134.0072,138.3067,143.1404,148.0329,152.4861,155.1737
F,H,131.5,131.9218,134.4955,138.83,143.695,148.6111,153.079,155.7721
F,H,132.5,132.4013,134.9983,139.3664,144.2609,149.1984,153.6783,156.3755
F,H,133.5,132.8962,135.5157,139.9157,144.8376,149.7937,154.283,156.9825
F,H,134.5,133.4067,136.0476,140.4775,145.424,150.3959,154.8918,157.5918
F,H,135.5,133.9328,136.5937,141.051,146.0192,151.0036,155.5032,158.202
F,H,136.5,134.4742,137.1534,141.6352,146.6217,151.6153,156.1156,158.8115
F,H,137.5,135.0304,137.7259,142.2288,147.23,152.2293,156.7273,159.4185
F,H,138.5,135.6004,138.31,142.8304,147.8424,152.8438,157.3365,160.0213
F,H,139.5,136.1831,138.9043,143.4381,148.4569,153.4568,157.9413,160.6182
F,H,140.5,136.7769,139.507,144.0501,149.0714,154.0662,158.5398,161.2075
F,H,141.5,137.3801,140.1161,144.6641,149.6839,154.67,159.1302,161.7874
F,H,142.5,137.9905,140.7295,145.278,150.292,155.2663,159.7107,162.3564
F,H,143.5,138.6058,141.3448,145.8893,150.8936,155.8529,160.2796,162.9129
F,H,144.5,139.2236,141.9594,146.4958,151.4866,156.428,160.8353,163.4555
F,H,145.5,139.841,142.5709,147.0949,152.0687,156.9899,161.3764,163.983
F,H,146.5,140.4554,143.1767,147.6845,152.6381,157.5369,161.9016,164.4943
F,H,147.5,141.064,143.7741,148.2623,153.193,158.0677,162.4097,164.9885
F,H,148.5,141.6641,144.3607,148.8263,153.7317,158.581,162.8999,165.4648
F,H,149.5,142.253,144.9342,149.3747,154.2529,159.0758,163.3715,165.9227
F,H,150.5,142.8283,145.4925,149.9059,154.7555,159.5513,163.8239,166.3618
F,H,151.5,143.3877,146.0338,150.4184,155.2385,160.007,164.2568,166.7819
F,H,152.5,143.9294,146.5564,150.9113,155.7012,160.4425,164.6701,167.1829
F,H,153.5,144.4516,147.059,151.3835,156.1432,160.8576,165.0637,167.5648
F,H,154.5,144.953,147.5405,151.8346,156.5643,161.2524,165.4378,167.9278
F,H,155.5,145.4325,148.0002,152.2642,156.9644,161.627,165.7928,168.2723
F,H,156.5,145.8894,148.4376,152.6721,157.3437,161.9818,166.1289,168.5987
F,H,157.5,146.3232,148.8525,153.0584,157.7025,162.3172,166.4466,168.9074
F,H,158.5,146.7338,149.2449,153.4234,158.0411,162.6338,166.7467,169.199
F,H,159.5,147.1213,149.615,153.7674,158.3603,162.9321,167.0296,169.4742
F,H,160.5,147.4859,149.9633,154.0911,158.6606,163.2129,167.2961,169.7335
F,H,161.5,147.8281,150.2902,154.3951,158.9427,163.477,167.5469,169.9777
F,H,162.5,148.1487,150.5966,154.6801,159.2075,163.725,167.7826,170.2074
F,H,163.5,148.4483,150.8831,154.947,159.4557,163.9577,168.0042,170.4234
F,H,164.5,148.7279,151.1507,155.1966,159.6882,164.1761,168.2122,170.6263
F,H,165.5,148.9885,151.4003,155.4298,159.9058,164.3808,168.4075,170.817
F,H,166.5,149.2309,151.6329,155.6475,160.1094,164.5726,168.5907,170.9959
F,H,167.5,149.4562,151.8494,155.8507,160.2997,164.7523,168.7626,171.1639
F,H,168.5,149.6655,152.0508,156.0401,160.4777,164.9206,168.9239,171.3216
F,H,169.5,149.8598,152.2381,156.2167,160.6441,165.0783,169.0751,171.4696
F,H,170.5,150.04,152.4121,156.3813,160.7995,165.226,169.217,171.6085
F,H,171.5,150.2072,152.5738,156.5348,160.9449,165.3644,169.3501,171.7388
F,H,172.5,150.3621,152.7241,156.6778,161.0808,165.4941,169.4749,171.8611
F,H,173.5,150.5059,152.8638,156.8112,161.2079,165.6157,169.5921,171.976
F,H,174.5,150.6392,152.9936,156.9356,161.3268,165.7297,169.7022,172.0839
F,H,175.5,150.7629,153.1143,157.0517,161.4381,165.8366,169.8055,172.1853
F,H,176.5,150.8777,153.2266,157.16,161.5423,165.9369,169.9026,172.2806
F,H,177.5,150.9843,153.3312,157.2612,161.6399,166.0312,169.9939,172.3701
F,H,178.5,151.0833,153.4286,157.3558,161.7315,166.1197,170.0798,172.4544
F,H,179.5,151.1754,153.5193,157.4443,161.8174,166.2029,170.1606,172.5337
F,H,180.5,151.2611,153.604,157.5271,161.898,166.2812,170.2366,172.6084
F,H,181.5,151.341,153.683,157.6047,161.9738,166.3549,170.3083,172.6787
F,H,182.5,151.4154,153.7569,157.6775,162.045,166.4244,170.3759,172.7451
F,H,183.5,151.4848,153.826,157.7458,162.112,166.4898,170.4396,172.8076
F,H,184.5,151.5497,153.8907,157.8099,162.1752,166.5516,170.4997,172.8667
F,H,185.5,151.6103,153.9513,157.8702,162.2347,166.6099,170.5566,172.9225
F,H,186.5,151.6671,154.0082,157.927,162.2908,166.6649,170.6103,172.9752
F,H,187.5,151.7203,154.0616,157.9804,162.3439,166.717,170.6611,173.025
F,H,188.5,151.7702,154.1119,158.0308,162.394,166.7663,170.7091,173.0722
F,H,189.5,151.8171,154.1592,158.0784,162.4414,166.8129,170.7546,173.1168
F,H,190.5,151.8612,154.2037,158.1234,162.4862,166.8571,170.7978,173.1591
F,H,191.5,151.9027,154.2457,158.1659,162.5287,166.899,170.8387,173.1992
F,H,192.5,151.9418,154.2854,158.2061,162.569,166.9388,170.8775,173.2373
F,H,193.5,151.9787,154.3229,158.2442,162.6072,166.9766,170.9144,173.2734
F,H,194.5,152.0135,154.3584,158.2803,162.6435,167.0125,170.9494,173.3077
F,H,195.5,152.0465,154.3919,158.3146,162.6781,167.0466,170.9827,173.3402
F,H,196.5,152.0776,154.4238,158.3472,162.7109,167.0791,171.0144,173.3712
F,H,197.5,152.1072,154.454,158.3782,162.7421,167.11,171.0446,173.4007
F,H,198.5,152.1352,154.4827,158.4077,162.7719,167.1395,171.0733,173.4288
F,H,199.5,152.1617,154.51,158.4357,162.8002,167.1676,171.1007,173.4555
F,H,200.5,152.187,154.5359,158.4625,162.8273,167.1944,171.1268,173.481
F,H,201.5,152.211,154.5607,158.4879,162.8531,167.22,171.1517,173.5053
F,H,202.5,152.2339,154.5842,158.5123,162.8778,167.2444,171.1754,173.5284
F,H,203.5,152.2556,154.6067,158.5355,162.9013,167.2677,171.1981,173.5505
F,H,204.5,152.2764,154.6281,158.5577,162.9238,167.29,171.2198,173.5716
F,H,205.5,152.2962,154.6486,158.5789,162.9454,167.3114,171.2405,173.5918
F,H,206.5,152.3151,154.6681,158.5992,162.966,167.3318,171.2604,173.6111
F,H,207.5,152.3332,154.6868,158.6187,162.9858,167.3514,171.2793,173.6295
F,H,208.5,152.3504,154.7047,158.6373,163.0047,167.3701,171.2975,173.6471
F,H,209.5,152.3669,154.7218,158.6551,163.0228,167.3881,171.3149,173.664
F,H,210.5,152.3827,154.7382,158.6722,163.0402,167.4053,171.3315,173.6802
F,H,211.5,152.3979,154.754,158.6886,163.0569,167.4218,171.3475,173.6956
F,H,212.5,152.4124,154.769,158.7043,163.0729,167.4376,171.3628,173.7104
F,H,213.5,152.4263,154.7835,158.7194,163.0882,167.4528,171.3775,173.7246
F,H,214.5,152.4396,154.7974,158.7339,163.103,167.4674,171.3915,173.7382
F,H,215.5,152.4524,154.8107,158.7478,163.1172,167.4814,171.405,173.7513
F,H,216.5,152.4647,154.8235,158.7612,163.1308,167.4948,171.418,173.7638
F,H,217.5,152.4765,154.8358,158.774,163.1439,167.5078,171.4304,173.7758
F,H,218.5,152.4878,154.8476,158.7864,163.1565,167.5202,171.4424,173.7873
F,H,219.5,152.4987,154.859,158.7983,163.1686,167.5321,171.4538,173.7984
F,H,220.5,152.5092,154.8699,158.8097,163.1802,167.5436,171.4649,173.809
F,H,221.5,152.5192,154.8804,158.8207,163.1914,167.5546,171.4755,173.8192
F,H,222.5,152.5289,154.8905,158.8313,163.2022,167.5653,171.4856,173.829
F,H,223.5,152.5382,154.9003,158.8415,163.2126,167.5755,171.4954,173.8384
F,H,224.5,152.5472,154.9096,158.8514,163.2226,167.5853,171.5049,173.8474
F,H,225.5,152.5558,154.9187,158.8608,163.2322,167.5948,171.5139,173.8561
F,H,226.5,152.5641,154.9273,158.8699,163.2415,167.6039,171.5226,173.8645
F,H,227.5,152.5721,154.9357,158.8787,163.2504,167.6127,171.531,173.8725
F,H,228.5,152.5798,154.9438,158.8872,163.259,167.6211,171.5391,173.8802
F,H,229.5,152.5873,154.9516,158.8953,163.2673,167.6293,171.5468,173.8877
F,H,230.5,152.5944,154.959,158.9032,163.2753,167.6371,171.5543,173.8948
F,H,231.5,152.6013,154.9663,158.9107,163.283,167.6446,171.5615,173.9017
F,H,232.5,152.6079,154.9732,158.918,163.2904,167.6519,171.5684,173.9083
F,H,233.5,152.6143,154.9799,158.9251,163.2976,167.6589,171.5751,173.9147
F,H,234.5,152.6205,154.9864,158.9319,163.3045,167.6657,171.5815,173.9208
F,H,235.5,152.6265,154.9926,158.9384,163.3111,167.6722,171.5877,173.9267
F,H,236.5,152.6322,154.9986,158.9447,163.3175,167.6785,171.5937,173.9324
F,H,237.5,152.6377,155.0044,158.9508,163.3237,167.6845,171.5994,173.9379
F,H,238.5,152.6431,155.01,158.9567,163.3297,167.6904,171.6049,173.9432
F,H,239.5,152.6482,155.0154,158.9624,163.3354,167.696,171.6103,173.9482
F,H,240,152.6507,155.0181,158.9651,163.3383,167.6987,171.6129,173.9507
M,W,24,10.64009,11.05266,11.78598,12.67076,13.63692,14.5834,15.18777
M,W,24.5,10.70051,11.1149,11.85182,12.74154,13.71386,14.66716,15.2763
M,W,25.5,10.81958,11.23747,11.98142,12.88102,13.8659,14.83332,15.45242
M,W,26.5,10.93681,11.35806,12.10889,13.01842,14.01623,14.99848,15.62819
M,W,27.5,11.0528,11.47728,12.23491,13.1545,14.16567,15.16351,15.8045
M,W,28.5,11.16803,11.59567,12.36007,13.2899,14.31493,15.32917,15.98214
M,W,29.5,11.28293,11.71368,12.4849,13.42519,14.46462,15.4961,16.16177
M,W,30.5,11.39782,11.8317,12.60983,13.56088,14.61527,15.66485,16.34395
M,W,31.5,11.513,11.95005,12.73523,13.69738,14.76732,15.83588,16.52915
M,W,32.5,11.62869,12.069,12.86144,13.83505,14.92117,16.00958,16.71773
M,W,33.5,11.74508,12.18875,12.9887,13.97418,15.07711,16.18624,16.91
M,W,34.5,11.8623,12.30948,13.11723,14.11503,15.23541,16.36612,17.10619
M,W,35.5,11.98046,12.43132,13.24721,14.2578,15.39628,16.5494,17.30646
M,W,36.5,12.09962,12.55436,13.37875,14.40263,15.55987,16.73623,17.51093
M,W,37.5,12.21984,12.67868,13.51197,14.54965,15.7263,16.9267,17.71965
M,W,38.5,12.34115,12.80431,13.64693,14.69893,15.89565,17.12085,17.93265
M,W,39.5,12.46354,12.93128,13.78366,14.85054,16.06797,17.3187,18.14992
M,W,40.5,12.58701,13.05959,13.92218,15.00449,16.24326,17.52025,18.37141
M,W,41.5,12.71154,13.18923,14.0625,15.16078,16.42153,17.72545,18.59705
M,W,42.5,12.8371,13.32017,14.20458,15.3194,16.60273,17.93424,18.82675
M,W,43.5,12.96366,13.45238,14.3484,15.4803,16.78682,18.14654,19.06041
M,W,44.5,13.09119,13.58581,14.49391,15.64343,16.97373,18.36226,19.29789
M,W,45.5,13.21963,13.72043,14.64105,15.80873,17.16336,18.58128,19.53907
M,W,46.5,13.34895,13.85618,14.78977,15.9761,17.35564,18.80348,19.78381
M,W,47.5,13.47911,13.99301,14.93998,16.14548,17.55044,19.02875,20.03197
M,W,48.5,13.61006,14.13086,15.09163,16.31677,17.74767,19.25695,20.28339
M,W,49.5,13.74176,14.26968,15.24463,16.48986,17.9472,19.48794,20.53795
M,W,50.5,13.87418,14.40943,15.39892,16.66468,18.14892,19.7216,20.79548
M,W,51.5,14.00727,14.55004,15.55441,16.8411,18.3527,19.95779,21.05586
M,W,52.5,14.14102,14.69148,15.71103,17.01904,18.55842,20.19637,21.31896
M,W,53.5,14.2754,14.8337,15.86872,17.19839,18.76598,20.43722,21.58464
M,W,54.5,14.41037,14.97666,16.0274,17.37906,18.97524,20.68022,21.8528
M,W,55.5,14.54593,15.12032,16.18701,17.56096,19.1861,20.92526,22.12331
M,W,56.5,14.68205,15.26465,16.34748,17.744,19.39846,21.17222,22.3961
M,W,57.5,14.81872,15.40962,16.50877,17.92809,19.6122,21.421,22.67106
M,W,58.5,14.95595,15.55521,16.67081,18.11316,19.82724,21.67152,22.94813
M,W,59.5,15.09371,15.70139,16.83356,18.29912,20.04348,21.92369,23.22723
M,W,60.5,15.23202,15.84814,16.99698,18.48592,20.26086,22.17744,23.50833
M,W,61.5,15.37087,15.99546,17.16103,18.6735,20.47929,22.4327,23.79136
M,W,62.5,15.51027,16.14334,17.32567,18.8618,20.69871,22.68943,24.07632
M,W,63.5,15.65023,16.29176,17.49088,19.05077,20.91907,22.94758,24.36317
M,W,64.5,15.79076,16.44074,17.65664,19.24037,21.14031,23.20712,24.65192
M,W,65.5,15.93186,16.59026,17.82293,19.43058,21.36242,23.46802,24.94257
M,W,66.5,16.07356,16.74033,17.98974,19.62136,21.58534,23.73029,25.23514
M,W,67.5,16.21586,16.89096,18.15706,19.8127,21.80908,23.99391,25.52965
M,W,68.5,16.35879,17.04215,18.32489,20.00459,22.0336,24.2589,25.82615
M,W,69.5,16.50235,17.19393,18.49324,20.19703,22.25893,24.52527,26.12468
M,W,70.5,16.64657,17.34629,18.66211,20.39002,22.48505,24.79305,26.4253
M,W,71.5,16.79146,17.49926,18.83151,20.58357,22.712,25.06229,26.72807
M,W,72.5,16.93704,17.65285,19.00147,20.7777,22.93978,25.33302,27.03308
M,W,73.5,17.08332,17.80708,19.17199,20.97243,23.16845,25.6053,27.34039
M,W,74.5,17.23031,17.96197,19.34311,21.16779,23.39803,25.87919,27.6501
M,W,75.5,17.37804,18.11754,19.51485,21.36383,23.62858,26.15477,27.9623
M,W,76.5,17.52651,18.2738,19.68724,21.56058,23.86016,26.4321,28.27709
M,W,77.5,17.67574,18.43077,19.86032,21.75811,24.09284,26.71128,28.59457
M,W,78.5,17.82572,18.58848,20.03413,21.95645,24.32667,26.99239,28.91486
M,W,79.5,17.97649,18.74695,20.20871,22.15567,24.56175,27.27553,29.23806
M,W,80.5,18.12803,18.9062,20.38409,22.35584,24.79815,27.56081,29.56428
M,W,81.5,18.28036,19.06624,20.56032,22.55702,25.03598,27.84832,29.89365
M,W,82.5,18.43348,19.2271,20.73745,22.7593,25.27531,28.13817,30.22628
M,W,83.5,18.5874,19.3888,20.91553,22.96273,25.51626,28.43049,30.56228
M,W,84.5,18.74211,19.55136,21.0946,23.16742,25.75894,28.72538,30.90178
M,W,85.5,18.89763,19.71479,21.27471,23.37343,26.00344,29.02298,31.24489
M,W,86.5,19.05395,19.87913,21.45592,23.58086,26.24988,29.3234,31.59174
M,W,87.5,19.21107,20.04438,21.63828,23.78979,26.49839,29.62676,31.94243
M,W,88.5,19.369,20.21057,21.82185,24.00031,26.74907,29.9332,32.29708
M,W,89.5,19.52773,20.37771,22.00666,24.21251,27.00204,30.24283,32.65581
M,W,90.5,19.68727,20.54584,22.19278,24.42648,27.25743,30.55579,33.01871
M,W,91.5,19.84762,20.71496,22.38027,24.64231,27.51535,30.8722,33.38591
M,W,92.5,20.00878,20.88511,22.56917,24.8601,27.77593,31.19218,33.75749
M,W,93.5,20.17076,21.05629,22.75955,25.07992,28.03928,31.51586,34.13355
M,W,94.5,20.33357,21.22855,22.95145,25.30189,28.30554,31.84335,34.5142
M,W,95.5,20.4972,21.4019,23.14493,25.52607,28.5748,32.17478,34.8995
M,W,96.5,20.66168,21.57637,23.34005,25.75257,28.84718,32.51025,35.28955
M,W,97.5,20.82702,21.75198,23.53686,25.98146,29.12281,32.84988,35.68443
M,W,98.5,20.99322,21.92878,23.73542,26.21284,29.40179,33.19377,36.08419
M,W,99.5,21.16032,22.10678,23.93579,26.44679,29.68422,33.54202,36.4889
M,W,100.5,21.32832,22.28602,24.13801,26.68339,29.97021,33.89472,36.89862
M,W,101.5,21.49726,22.46654,24.34216,26.92273,30.25986,34.25197,37.3134
M,W,102.5,21.66716,22.64838,24.54828,27.16489,30.55326,34.61384,37.73327
M,W,103.5,21.83805,22.83157,24.75645,27.40995,30.85051,34.98041,38.15826
M,W,104.5,22.00997,23.01617,24.9667,27.65797,31.15169,35.35176,38.58841
M,W,105.5,22.18296,23.20222,25.17912,27.90904,31.45689,35.72793,39.02372
M,W,106.5,22.35705,23.38976,25.39375,28.16324,31.76618,36.10899,39.46421
M,W,107.5,22.5323,23.57885,25.61067,28.42064,32.07964,36.49499,39.90987
M,W,108.5,22.70876,23.76955,25.82993,28.6813,32.39734,36.88596,40.36069
M,W,109.5,22.88648,23.96192,26.05161,28.9453,32.71933,37.28193,40.81665
M,W,110.5,23.06551,24.15601,26.27576,29.21271,33.04569,37.68294,41.27773
M,W,111.5,23.24593,24.35189,26.50246,29.48359,33.37646,38.08898,41.74388
M,W,112.5,23.42779,24.54962,26.73177,29.758,33.7117,38.50008,42.21507
M,W,113.5,23.61117,24.74929,26.96376,30.03602,34.05144,38.91622,42.69124
M,W,114.5,23.79613,24.95096,27.19851,30.3177,34.39573,39.33741,43.17232
M,W,115.5,23.98277,25.1547,27.43609,30.60311,34.7446,39.76363,43.65825
M,W,116.5,24.17115,25.3606,27.67657,30.8923,35.09808,40.19484,44.14895
M,W,117.5,24.36137,25.56874,27.92001,31.18533,35.4562,40.63103,44.64432
M,W,118.5,24.55351,25.77921,28.16651,31.48225,35.81896,41.07214,45.14428
M,W,119.5,24.74766,25.99208,28.41613,31.78312,36.1864,41.51813,45.64872
M,W,120.5,24.94392,26.20745,28.66894,32.08799,36.55851,41.96894,46.15753
M,W,121.5,25.14238,26.42541,28.92502,32.3969,36.93529,42.42452,46.6706
M,W,122.5,25.34314,26.64604,29.18446,32.70991,37.31675,42.88478,47.1878
M,W,123.5,25.54631,26.86945,29.44731,33.02704,37.70287,43.34967,47.70901
M,W,124.5,25.75198,27.09573,29.71365,33.34835,38.09365,43.81908,48.23408
M,W,125.5,25.96027,27.32496,29.98357,33.67387,38.48906,44.29292,48.76288
M,W,126.5,26.17126,27.55726,30.25713,34.00363,38.88907,44.77111,49.29526
M,W,127.5,26.38509,27.7927,30.53439,34.33766,39.29366,45.25354,49.83107
M,W,128.5,26.60184,28.0314,30.81543,34.67599,39.7028,45.7401,50.37016
M,W,129.5,26.82163,28.27343,31.10032,35.01864,40.11642,46.23066,50.91236
M,W,130.5,27.04457,28.51891,31.38912,35.36562,40.5345,46.72512,51.45752
M,W,131.5,27.27076,28.76791,31.68189,35.71695,40.95697,47.22334,52.00546
M,W,132.5,27.50031,29.02052,31.97868,36.07263,41.38377,47.72519,52.55602
M,W,133.5,27.73332,29.27685,32.27955,36.43266,41.81484,48.23054,53.10903
M,W,134.5,27.96989,29.53696,32.58454,36.79704,42.2501,48.73924,53.66432
M,W,135.5,28.21013,29.80095,32.89371,37.16577,42.68947,49.25114,54.22171
M,W,136.5,28.45412,30.06888,33.20709,37.53881,43.13287,49.76611,54.78102
M,W,137.5,28.70197,30.34084,33.52472,37.91616,43.5802,50.28397,55.34208
M,W,138.5,28.95376,30.61689,33.84662,38.29777,44.03137,50.80458,55.9047
M,W,139.5,29.20958,30.8971,34.17281,38.68361,44.48627,51.32778,56.46873
M,W,140.5,29.4695,31.18151,34.5033,39.07364,44.94478,51.85339,57.03397
M,W,141.5,29.7336,31.4702,34.83811,39.46781,45.40679,52.38125,57.60024
M,W,142.5,30.00195,31.76319,35.17724,39.86604,45.87218,52.91119,58.16739
M,W,143.5,30.2746,32.06052,35.52066,40.26828,46.3408,53.44304,58.73522
M,W,144.5,30.55162,32.36224,35.86837,40.67444,46.81253,53.97661,59.30357
M,W,145.5,30.83304,32.66834,36.22034,41.08443,47.28721,54.51174,59.87226
M,W,146.5,31.11891,32.97885,36.57653,41.49817,47.7647,55.04825,60.44112
M,W,147.5,31.40925,33.29378,36.9369,41.91555,48.24483,55.58594,61.00999
M,W,148.5,31.70409,33.6131,37.30138,42.33644,48.72744,56.12464,61.57871
M,W,149.5,32.00343,33.93681,37.66991,42.76073,49.21236,56.66416,62.1471
M,W,150.5,32.30727,34.26488,38.04241,43.18828,49.6994,57.20431,62.715
M,W,151.5,32.61561,34.59726,38.4188,43.61896,50.18839,57.74492,63.28226
M,W,152.5,32.92842,34.93391,38.79897,44.05259,50.67913,58.28578,63.84873
M,W,153.5,33.24567,35.27477,39.18281,44.48903,51.17143,58.82671,64.41424
M,W,154.5,33.56731,35.61976,39.5702,44.92809,51.66508,59.36752,64.97865
M,W,155.5,33.89329,35.96879,39.96099,45.3696,52.15987,59.90801,65.54182
M,W,156.5,34.22353,36.32176,40.35506,45.81336,52.65558,60.448,66.10359
M,W,157.5,34.55796,36.67857,40.75222,46.25917,53.152,60.98729,66.66382
M,W,158.5,34.89647,37.03908,41.15232,46.70681,53.64889,61.52569,67.22238
M,W,159.5,35.23896,37.40317,41.55516,47.15606,54.14603,62.063,67.77913
M,W,160.5,35.58531,37.77067,41.96056,47.60669,54.64318,62.59903,68.33393
M,W,161.5,35.93538,38.14143,42.3683,48.05847,55.1401,63.13359,68.88665
M,W,162.5,36.28902,38.51526,42.77818,48.51113,55.63653,63.66648,69.43717
M,W,163.5,36.64606,38.89198,43.18995,48.96443,56.13224,64.1975,69.98535
M,W,164.5,37.00634,39.27138,43.60337,49.4181,56.62696,64.72647,70.53106
M,W,165.5,37.36965,39.65325,44.01821,49.87187,57.12044,65.25318,71.07419
M,W,166.5,37.7358,40.03736,44.43419,50.32546,57.61241,65.77745,71.61461
M,W,167.5,38.10456,40.42347,44.85104,50.77859,58.10262,66.29907,72.15219
M,W,168.5,38.47571,40.81133,45.26849,51.23096,58.5908,66.81785,72.68681
M,W,169.5,38.849,41.20067,45.68625,51.68229,59.07667,67.33359,73.21836
M,W,170.5,39.22417,41.59121,46.10402,52.13226,59.55998,67.84611,73.7467
M,W,171.5,39.60097,41.98269,46.52151,52.58059,60.04046,68.3552,74.27172
M,W,172.5,39.97909,42.37479,46.9384,53.02696,60.51782,68.86067,74.7933
M,W,173.5,40.35826,42.76722,47.35437,53.47107,60.99182,69.36233,75.3113
M,W,174.5,40.73817,43.15967,47.76912,53.91261,61.46217,69.85999,75.82561
M,W,175.5,41.11851,43.55182,48.18232,54.35128,61.92862,70.35345,76.3361
M,W,176.5,41.49895,43.94334,48.59365,54.78677,62.3909,70.84252,76.84263
M,W,177.5,41.87917,44.3339,49.00279,55.21878,62.84876,71.32701,77.34509
M,W,178.5,42.25882,44.72317,49.40941,55.64701,63.30195,71.80674,77.84332
M,W,179.5,42.63757,45.1108,49.81318,56.07116,63.75019,72.2815,78.3372
M,W,180.5,43.01506,45.49646,50.21378,56.49096,64.19328,72.75113,78.82659
M,W,181.5,43.39093,45.8798,50.61091,56.90611,64.63096,73.21544,79.31134
M,W,182.5,43.76482,46.26048,51.00423,57.31634,65.063,73.67424,79.7913
M,W,183.5,44.13638,46.63815,51.39346,57.72139,65.48919,74.12736,80.26632
M,W,184.5,44.50523,47.01247,51.77827,58.121,65.90932,74.57462,80.73625
M,W,185.5,44.87102,47.3831,52.15839,58.51492,66.32318,75.01586,81.20093
M,W,186.5,45.23338,47.74972,52.53352,58.90293,66.73059,75.4509,81.66019
M,W,187.5,45.59196,48.11199,52.90339,59.2848,67.13136,75.87959,82.11386
M,W,188.5,45.9464,48.46959,53.26773,59.66033,67.52534,76.30176,82.56177
M,W,189.5,46.29635,48.82222,53.6263,60.02932,67.91236,76.71726,83.00375
M,W,190.5,46.64147,49.16956,53.97886,60.39159,68.29229,77.12595,83.43962
M,W,191.5,46.98144,49.51134,54.32518,60.74699,68.665,77.52768,83.8692
M,W,192.5,47.31593,49.84727,54.66505,61.09537,69.03038,77.92233,84.29229
M,W,193.5,47.64464,50.17709,54.99828,61.4366,69.38833,78.30977,84.70871
M,W,194.5,47.96727,50.50055,55.3247,61.77057,69.73878,78.68987,85.11828
M,W,195.5,48.28356,50.81743,55.64414,62.09719,70.08164,79.06252,85.5208
M,W,196.5,48.59325,51.12752,55.95647,62.41639,70.41688,79.42763,85.91607
M,W,197.5,48.89609,51.43062,56.26158,62.72809,70.74445,79.78509,86.30392
M,W,198.5,49.19189,51.72656,56.55935,63.03228,71.06433,80.13483,86.68415
M,W,199.5,49.48044,52.0152,56.84971,63.32892,71.37652,80.47676,87.05657
M,W,200.5,49.76158,52.29642,57.13261,63.61802,71.68103,80.81082,87.42099
M,W,201.5,50.03518,52.57011,57.408,63.89959,71.97788,81.13696,87.77725
M,W,202.5,50.30112,52.8362,57.67589,64.17367,72.26711,81.45512,88.12516
M,W,203.5,50.55931,53.09465,57.93627,64.44032,72.54879,81.76528,88.46456
M,W,204.5,50.80971,53.34544,58.18918,64.69961,72.82297,82.06741,88.79528
M,W,205.5,51.05229,53.58858,58.43468,64.95165,73.08975,82.3615,89.11718
M,W,206.5,51.28706,53.82409,58.67285,65.19653,73.34922,82.64755,89.43011
M,W,207.5,51.51404,54.05205,58.9038,65.4344,73.60152,82.92558,89.73396
M,W,208.5,51.73333,54.27255,59.12764,65.6654,73.84675,83.1956,90.02861
M,W,209.5,51.94499,54.4857,59.34454,65.8897,74.08507,83.45768,90.31396
M,W,210.5,52.14918,54.69165,59.55466,66.10749,74.31664,83.71185,90.58994
M,W,211.5,52.34603,54.89058,59.75819,66.31897,74.54164,83.9582,90.85649
M,W,212.5,52.53572,55.08267,59.95536,66.52437,74.76024,84.19682,91.11358
M,W,213.5,52.71847,55.26814,60.14639,66.7239,74.97267,84.42781,91.3612
M,W,214.5,52.8945,55.44723,60.33153,66.91784,75.17912,84.6513,91.59938
M,W,215.5,53.06406,55.6202,60.51105,67.10642,75.37983,84.86744,91.82817
M,W,216.5,53.2274,55.78731,60.68521,67.28993,75.57503,85.0764,92.04765
M,W,217.5,53.38481,55.94884,60.85431,67.46863,75.76499,85.27837,92.25795
M,W,218.5,53.53657,56.10508,61.01862,67.64281,75.94994,85.47356,92.45925
M,W,219.5,53.68296,56.25633,61.17846,67.81277,76.13018,85.66221,92.65175
M,W,220.5,53.82428,56.40286,61.33409,67.97877,76.30597,85.8446,92.83572
M,W,221.5,53.96079,56.54495,61.4858,68.14111,76.47759,86.02101,93.01148
M,W,222.5,54.09278,56.68288,61.63386,68.30005,76.64533,86.19177,93.17941
M,W,223.5,54.22046,56.81689,61.77851,68.45585,76.80948,86.35725,93.33994
M,W,224.5,54.34408,56.94719,61.91997,68.60872,76.97031,86.51781,93.49361
M,W,225.5,54.46381,57.07396,62.05842,68.75889,77.12809,86.6739,93.64099
M,W,226.5,54.57977,57.19732,62.19399,68.90653,77.2831,86.82597,93.78276
M,W,227.5,54.69205,57.31737,62.32678,69.05176,77.4356,86.97452,93.91968
M,W,228.5,54.80066,57.43409,62.4568,69.19467,77.5858,87.12008,94.05261
M,W,229.5,54.90552,57.54742,62.58399,69.33527,77.73392,87.26324,94.18252
M,W,230.5,55.00648,57.6572,62.70822,69.47351,77.88014,87.40462,94.31046
M,W,231.5,55.10328,57.76315,62.82922,69.60926,78.02461,87.54488,94.43765
M,W,232.5,55.19552,57.86488,62.94664,69.74228,78.16742,87.68474,94.5654
M,W,233.5,55.2827,57.96187,63.06,69.87224,78.30863,87.82495,94.69517
M,W,234.5,55.36413,58.05343,63.16863,69.99869,78.44824,87.96634,94.82857
M,W,235.5,55.43897,58.13869,63.27175,70.12104,78.58618,88.10976,94.96735
M,W,236.5,55.50617,58.21662,63.36835,70.23857,78.72234,88.25614,95.11344
M,W,237.5,55.56447,58.28594,63.45727,70.3504,78.8565,88.40645,95.26894
M,W,238.5,55.61236,58.34515,63.53709,70.45546,78.98839,88.56175,95.43613
M,W,239.5,55.64807,58.39247,63.60618,70.55252,79.11762,88.72311,95.61749
M,W,240,55.66071,58.41105,63.63611,70.59761,79.18111,88.80644,95.71431
F,W,24,10.21027,10.57373,11.23357,12.05504,12.98667,13.93766,14.56636
F,W,24.5,10.27483,10.64076,11.30567,12.13456,13.07613,14.03902,14.67659
F,W,25.5,10.40066,10.77167,11.44697,12.29102,13.25293,14.24017,14.89587
F,W,26.5,10.52274,10.89899,11.58501,12.44469,13.42753,14.43984,15.11428
F,W,27.5,10.64171,11.02338,11.72047,12.59622,13.60059,14.63873,15.33249
F,W,28.5,10.75819,11.14545,11.85392,12.74621,13.77271,14.83743,15.55113
F,W,29.5,10.87273,11.26575,11.98592,12.89517,13.9444,15.03646,15.7707
F,W,30.5,10.98581,11.38474,12.11692,13.04357,14.11611,15.23626,15.99164
F,W,31.5,11.09789,11.50288,12.24735,13.19181,14.28823,15.43719,16.21432
F,W,32.5,11.20934,11.62054,12.37757,13.34023,14.46106,15.63957,16.43904
F,W,33.5,11.32054,11.73806,12.50791,13.48913,14.63491,15.84365,16.66605
F,W,34.5,11.43177,11.85574,12.63865,13.63877,14.80998,16.04963,16.89553
F,W,35.5,11.54332,11.97384,12.77001,13.78937,14.98647,16.25767,17.12762
F,W,36.5,11.65542,12.09259,12.90222,13.94108,15.16452,16.46789,17.36244
F,W,37.5,11.76826,12.21216,13.03542,14.09407,15.34425,16.68038,17.60006
F,W,38.5,11.88202,12.33273,13.16977,14.24844,15.52574,16.89519,17.8405
F,W,39.5,11.99685,12.45442,13.30538,14.40429,15.70905,17.11235,18.08377
F,W,40.5,12.11284,12.57735,13.44234,14.56168,15.89422,17.33186,18.32988
F,W,41.5,12.23011,12.70158,13.58071,14.72064,16.08126,17.55371,18.57877
F,W,42.5,12.34871,12.8272,13.72054,14.88121,16.27016,17.77788,18.83042
F,W,43.5,12.4687,12.95423,13.86186,15.04341,16.46093,18.00432,19.08475
F,W,44.5,12.59011,13.08271,14.00469,15.20721,16.65353,18.23298,19.34169
F,W,45.5,12.71297,13.21265,14.14902,15.37263,16.84793,18.46379,19.60118
F,W,46.5,12.83726,13.34405,14.29485,15.53962,17.04408,18.69671,19.86313
F,W,47.5,12.96298,13.47689,14.44217,15.70817,17.24195,18.93166,20.12746
F,W,48.5,13.09012,13.61116,14.59093,15.87824,17.44149,19.16858,20.39409
F,W,49.5,13.21864,13.74682,14.74112,16.04978,17.64265,19.40739,20.66293
F,W,50.5,13.3485,13.88384,14.89269,16.22277,17.84537,19.64805,20.93393
F,W,51.5,13.47966,14.02217,15.0456,16.39715,18.04961,19.89048,21.20699
F,W,52.5,13.61206,14.16176,15.19981,16.57289,18.25533,20.13464,21.48207
F,W,53.5,13.74566,14.30257,15.35527,16.74994,18.46249,20.38048,21.7591
F,W,54.5,13.8804,14.44453,15.51193,16.92827,18.67105,20.62795,22.03803
F,W,55.5,14.01621,14.5876,15.66975,17.10783,18.88097,20.87704,22.31884
F,W,56.5,14.15303,14.73172,15.82868,17.28859,19.09224,21.1277,22.60148
F,W,57.5,14.29081,14.87683,15.98868,17.47052,19.30483,21.37993,22.88594
F,W,58.5,14.42947,15.02287,16.14971,17.65361,19.51874,21.63373,23.17222
F,W,59.5,14.56897,15.16981,16.31173,17.83782,19.73395,21.88909,23.46031
F,W,60.5,14.70924,15.31758,16.47471,18.02314,19.95048,22.14604,23.75024
F,W,61.5,14.85022,15.46614,16.63861,18.20956,20.16834,22.4046,24.04202
F,W,62.5,14.99186,15.61545,16.80342,18.39709,20.38753,22.6648,24.3357
F,W,63.5,15.13412,15.76547,16.9691,18.58571,20.6081,22.92668,24.63133
F,W,64.5,15.27694,15.91616,17.13565,18.77545,20.83007,23.19031,24.92897
F,W,65.5,15.42029,16.06749,17.30305,18.96631,21.05349,23.45574,25.22868
F,W,66.5,15.56413,16.21943,17.4713,19.15831,21.2784,23.72305,25.53055
F,W,67.5,15.70843,16.37197,17.6404,19.35149,21.50486,23.99232,25.83467
F,W,68.5,15.85316,16.52509,17.81035,19.54588,21.73294,24.26364,26.14113
F,W,69.5,15.99831,16.67878,17.98118,19.74151,21.96271,24.5371,26.45005
F,W,70.5,16.14385,16.83304,18.15288,19.93843,22.19425,24.81282,26.76154
F,W,71.5,16.28977,16.98787,18.32549,20.1367,22.42763,25.09089,27.07573
F,W,72.5,16.43608,17.14327,18.49904,20.33636,22.66294,25.37145,27.39274
F,W,73.5,16.58277,17.29926,18.67356,20.53748,22.90029,25.65461,27.71272
F,W,74.5,16.72986,17.45586,18.84908,20.74013,23.13976,25.94051,28.0358
F,W,75.5,16.87736,17.61309,19.02566,20.94438,23.38146,26.22926,28.36213
F,W,76.5,17.02528,17.77097,19.20334,21.1503,23.6255,26.52102,28.69185
F,W,77.5,17.17365,17.92956,19.38217,21.35797,23.87199,26.81591,29.02513
F,W,78.5,17.3225,18.08887,19.56221,21.56748,24.12103,27.11407,29.36212
F,W,79.5,17.47187,18.24897,19.74353,21.77891,24.37274,27.41566,29.70296
F,W,80.5,17.6218,18.40989,19.9262,21.99235,24.62725,27.7208,30.04782
F,W,81.5,17.77232,18.5717,20.11027,22.20789,24.88466,28.02965,30.39685
F,W,82.5,17.9235,18.73445,20.29582,22.42562,25.14509,28.34233,30.75021
F,W,83.5,18.07539,18.89819,20.48293,22.64564,25.40866,28.659,31.10804
F,W,84.5,18.22805,19.063,20.67168,22.86804,25.67549,28.97979,31.47049
F,W,85.5,18.38153,19.22895,20.86215,23.09293,25.94569,29.30484,31.83771
F,W,86.5,18.53591,19.3961,21.05441,23.32039,26.21937,29.63426,32.20984
F,W,87.5,18.69124,19.56453,21.24855,23.55052,26.49666,29.9682,32.58701
F,W,88.5,18.84762,19.73432,21.44467,23.78342,26.77764,30.30677,32.96935
F,W,89.5,19.00511,19.90554,21.64283,24.01918,27.06244,30.65008,33.35698
F,W,90.5,19.16378,20.07828,21.84313,24.25789,27.35114,30.99825,33.75001
F,W,91.5,19.32373,20.25261,22.04564,24.49965,27.64385,31.35137,34.14856
F,W,92.5,19.48502,20.42863,22.25047,24.74454,27.94066,31.70954,34.55271
F,W,93.5,19.64775,20.6064,22.45768,24.99264,28.24165,32.07286,34.96256
F,W,94.5,19.81199,20.78601,22.66736,25.24403,28.54689,32.44138,35.37818
F,W,95.5,19.97783,20.96755,22.8796,25.4988,28.85648,32.8152,35.79964
F,W,96.5,20.14535,21.15111,23.09446,25.75702,29.17046,33.19435,36.22699
F,W,97.5,20.31464,21.33675,23.31203,26.01874,29.4889,33.5789,36.66029
F,W,98.5,20.48579,21.52456,23.53237,26.28404,29.81185,33.96887,37.09956
F,W,99.5,20.65887,21.71462,23.75556,26.55298,30.13934,34.36431,37.54482
F,W,100.5,20.83397,21.907,23.98166,26.82559,30.47142,34.76522,37.99609
F,W,101.5,21.01117,22.10179,24.21073,27.10193,30.80811,35.17161,38.45335
F,W,102.5,21.19055,22.29905,24.44283,27.38203,31.14942,35.58347,38.91658
F,W,103.5,21.37219,22.49884,24.67802,27.66593,31.49536,36.00078,39.38577
F,W,104.5,21.55616,22.70125,24.91634,27.95365,31.84592,36.42352,39.86086
F,W,105.5,21.74253,22.90633,25.15783,28.24521,32.20108,36.85164,40.34179
F,W,106.5,21.93138,23.11413,25.40252,28.5406,32.56084,37.28507,40.82849
F,W,107.5,22.12277,23.32471,25.65046,28.83984,32.92513,37.72376,41.32088
F,W,108.5,22.31677,23.53813,25.90167,29.14291,33.29393,38.16762,41.81885
F,W,109.5,22.51343,23.75442,26.15616,29.4498,33.66717,38.61656,42.32229
F,W,110.5,22.71282,23.97364,26.41394,29.76048,34.04479,39.07046,42.83107
F,W,111.5,22.91497,24.19581,26.67503,30.07493,34.4267,39.52921,43.34505
F,W,112.5,23.11994,24.42096,26.93942,30.39308,34.81282,39.99268,43.86408
F,W,113.5,23.32778,24.64912,27.20709,30.7149,35.20305,40.46071,44.38798
F,W,114.5,23.53851,24.88031,27.47805,31.04032,35.59726,40.93316,44.91658
F,W,115.5,23.75217,25.11454,27.75225,31.36928,35.99535,41.40984,45.44968
F,W,116.5,23.96879,25.35181,28.02968,31.70168,36.39717,41.89057,45.98708
F,W,117.5,24.18838,25.59214,28.31029,32.03745,36.80259,42.37517,46.52854
F,W,118.5,24.41097,25.83551,28.59403,32.37649,37.21144,42.86342,47.07385
F,W,119.5,24.63656,26.08191,28.88087,32.71868,37.62356,43.35511,47.62276
F,W,120.5,24.86516,26.33132,29.17072,33.06392,38.03878,43.85001,48.17501
F,W,121.5,25.09677,26.58372,29.46353,33.41208,38.45691,44.34788,48.73033
F,W,122.5,25.33137,26.83907,29.75922,33.76303,38.87775,44.84847,49.28846
F,W,123.5,25.56895,27.09734,30.0577,34.11663,39.30111,45.35152,49.84911
F,W,124.5,25.80949,27.35848,30.35888,34.47272,39.72676,45.85676,50.41198
F,W,125.5,26.05297,27.62244,30.66267,34.83116,40.15449,46.36392,50.97677
F,W,126.5,26.29934,27.88915,30.96895,35.19176,40.58407,46.87271,51.54317
F,W,127.5,26.54856,28.15856,31.27762,35.55437,41.01526,47.38283,52.11086
F,W,128.5,26.8006,28.43059,31.58856,35.9188,41.44782,47.894,52.67951
F,W,129.5,27.05539,28.70516,31.90163,36.28486,41.88148,48.40589,53.2488
F,W,130.5,27.31287,28.98218,32.21671,36.65236,42.316,48.9182,53.81837
F,W,131.5,27.57298,29.26156,32.53364,37.02111,42.75111,49.43061,54.3879
F,W,132.5,27.83564,29.54321,32.8523,37.39089,43.18655,49.9428,54.95703
F,W,133.5,28.10077,29.827,33.17252,37.76149,43.62203,50.45443,55.52542
F,W,134.5,28.36829,30.11285,33.49415,38.1327,44.05728,50.96519,56.09271
F,W,135.5,28.63809,30.40062,33.81701,38.5043,44.49201,51.47473,56.65855
F,W,136.5,28.91009,30.69019,34.14096,38.87605,44.92595,51.98272,57.22257
F,W,137.5,29.18417,30.98143,34.4658,39.24775,45.3588,52.48882,57.78443
F,W,138.5,29.46022,31.27421,34.79137,39.61914,45.79028,52.9927,58.34376
F,W,139.5,29.73813,31.56838,35.11747,39.99,46.22009,53.49402,58.90022
F,W,140.5,30.01776,31.86381,35.44394,40.36009,46.64794,53.99244,59.45344
F,W,141.5,30.299,32.16034,35.77056,40.72918,47.07354,54.48762,60.00308
F,W,142.5,30.5817,32.45781,36.09716,41.09701,47.49661,54.97925,60.54878
F,W,143.5,30.86573,32.75608,36.42354,41.46336,47.91684,55.46697,61.0902
F,W,144.5,31.15094,33.05496,36.7495,41.82798,48.33396,55.95048,61.62701
F,W,145.5,31.43718,33.3543,37.07485,42.19063,48.74767,56.42944,62.15887
F,W,146.5,31.7243,33.65394,37.39937,42.55108,49.15771,56.90354,62.68544
F,W,147.5,32.01214,33.95368,37.72288,42.90909,49.56378,57.37247,63.20642
F,W,148.5,32.30053,34.25336,38.04517,43.26442,49.96562,57.83593,63.72148
F,W,149.5,32.58932,34.55281,38.36604,43.61683,50.36297,58.29361,64.23032
F,W,150.5,32.87832,34.85183,38.68529,43.96612,50.75555,58.74524,64.73264
F,W,151.5,33.16738,35.15025,39.00272,44.31204,51.14313,59.19053,65.22816
F,W,152.5,33.4563,35.44789,39.31812,44.65437,51.52544,59.62921,65.71661
F,W,153.5,33.74492,35.74455,39.63131,44.99291,51.90225,60.06103,66.19771
F,W,154.5,34.03306,36.04006,39.94209,45.32745,52.27334,60.48572,66.67121
F,W,155.5,34.32053,36.33424,40.25026,45.65777,52.63847,60.90306,67.13688
F,W,156.5,34.60715,36.62688,40.55564,45.98369,52.99745,61.31281,67.59448
F,W,157.5,34.89274,36.91782,40.85805,46.30501,53.35007,61.71477,68.04379
F,W,158.5,35.17711,37.20687,41.15729,46.62155,53.69614,62.10874,68.48463
F,W,159.5,35.46007,37.49385,41.45321,46.93314,54.03549,62.49452,68.91679
F,W,160.5,35.74145,37.77858,41.74562,47.23962,54.36794,62.87195,69.34011
F,W,161.5,36.02105,38.06087,42.03435,47.54083,54.69335,63.24088,69.75442
F,W,162.5,36.2987,38.34057,42.31926,47.83661,55.01159,63.60115,70.1596
F,W,163.5,36.57421,38.61748,42.60018,48.12685,55.32252,63.95264,70.5555
F,W,164.5,36.84739,38.89145,42.87697,48.41141,55.62603,64.29525,70.94203
F,W,165.5,37.11808,39.16232,43.14949,48.69018,55.92203,64.62889,71.31908
F,W,166.5,37.3861,39.42991,43.4176,48.96305,56.21044,64.95347,71.68659
F,W,167.5,37.65127,39.69408,43.68119,49.22993,56.49119,65.26895,72.04449
F,W,168.5,37.91342,39.95467,43.94012,49.49075,56.76423,65.57527,72.39275
F,W,169.5,38.17238,40.21154,44.1943,49.74544,57.02954,65.87243,72.73133
F,W,170.5,38.428,40.46454,44.44363,49.99394,57.28708,66.16042,73.06023
F,W,171.5,38.68012,40.71356,44.688,50.23621,57.53687,66.43925,73.37946
F,W,172.5,38.92858,40.95845,44.92735,50.47222,57.77893,66.70897,73.68906
F,W,173.5,39.17324,41.19909,45.1616,50.70196,58.01327,66.96961,73.98906
F,W,174.5,39.41396,41.43538,45.39069,50.92541,58.23994,67.22127,74.27953
F,W,175.5,39.6506,41.66721,45.61455,51.14259,58.45903,67.46402,74.56056
F,W,176.5,39.88303,41.89448,45.83316,51.35353,58.67061,67.69798,74.83223
F,W,177.5,40.11114,42.1171,46.04647,51.55825,58.87477,67.92327,75.09468
F,W,178.5,40.3348,42.33498,46.25446,51.75681,59.07164,68.14006,75.34802
F,W,179.5,40.55392,42.54806,46.45712,51.94926,59.26135,68.3485,75.59243
F,W,180.5,40.76839,42.75627,46.65445,52.13568,59.44404,68.54877,75.82805
F,W,181.5,40.97812,42.95955,46.84646,52.31616,59.61988,68.74109,76.05507
F,W,182.5,41.18304,43.15786,47.03316,52.4908,59.78905,68.92566,76.2737
F,W,183.5,41.38308,43.35116,47.21458,52.6597,59.95173,69.10273,76.48415
F,W,184.5,41.57816,43.53942,47.39077,52.82299,60.10814,69.27255,76.68664
F,W,185.5,41.76824,43.72263,47.56176,52.98079,60.2585,69.43538,76.88142
F,W,186.5,41.95328,43.90078,47.72763,53.13327,60.40303,69.59151,77.06875
F,W,187.5,42.13324,44.07388,47.88844,53.28056,60.54199,69.74124,77.2489
F,W,188.5,42.3081,44.24193,48.04426,53.42284,60.67562,69.88487,77.42214
F,W,189.5,42.47785,44.40496,48.1952,53.56028,60.8042,70.02272,77.58878
F,W,190.5,42.64249,44.563,48.34134,53.69307,60.928,70.15513,77.74911
F,W,191.5,42.80203,44.71609,48.48279,53.82138,61.04731,70.28244,77.90345
F,W,192.5,42.95649,44.8643,48.61968,53.94544,61.16241,70.40499,78.05211
F,W,193.5,43.1059,45.00768,48.75212,54.06543,61.2736,70.52314,78.19542
F,W,194.5,43.25031,45.14631,48.88026,54.18158,61.3812,70.63725,78.33372
F,W,195.5,43.38976,45.28027,49.00422,54.29411,61.48549,70.7477,78.46734
F,W,196.5,43.52432,45.40964,49.12417,54.40324,61.58681,70.85484,78.59661
F,W,197.5,43.65406,45.53455,49.24026,54.50921,61.68546,70.95905,78.72189
F,W,198.5,43.77907,45.65509,49.35265,54.61224,61.78176,71.06071,78.84351
F,W,199.5,43.89944,45.77138,49.46152,54.71257,61.87602,71.16017,78.96181
F,W,200.5,44.01527,45.88355,49.56702,54.81044,61.96856,71.2578,79.07713
F,W,201.5,44.12666,45.99174,49.66936,54.9061,62.05968,71.35395,79.18979
F,W,202.5,44.23375,46.09608,49.7687,54.99978,62.1497,71.44899,79.30012
F,W,203.5,44.33665,46.19672,49.86524,55.09172,62.23891,71.54326,79.40845
F,W,204.5,44.4355,46.29382,49.95916,55.18217,62.32761,71.63707,79.51506
F,W,205.5,44.53044,46.38753,50.05066,55.27135,62.41609,71.73076,79.62027
F,W,206.5,44.62161,46.47801,50.13993,55.35951,62.50462,71.82463,79.72434
F,W,207.5,44.70917,46.56543,50.22716,55.44686,62.59347,71.91896,79.82755
F,W,208.5,44.79326,46.64995,50.31253,55.53362,62.68289,72.01403,79.93015
F,W,209.5,44.87405,46.73174,50.39624,55.62001,62.77311,72.11008,80.03235
F,W,210.5,44.95168,46.81097,50.47847,55.70624,62.86437,72.20733,80.13439
F,W,211.5,45.02633,46.8878,50.5594,55.79248,62.95684,72.306,80.23643
F,W,212.5,45.09815,46.9624,50.63919,55.87892,63.05073,72.40626,80.33866
F,W,213.5,45.16729,47.03493,50.71802,55.96573,63.1462,72.50825,80.4412
F,W,214.5,45.23391,47.10554,50.79603,56.05305,63.24336,72.61209,80.54417
F,W,215.5,45.29817,47.17437,50.87336,56.141,63.34234,72.71787,80.64766
F,W,216.5,45.3602,47.24158,50.95014,56.2297,63.4432,72.82563,80.75172
F,W,217.5,45.42015,47.30728,51.02649,56.31922,63.546,72.9354,80.85638
F,W,218.5,45.47815,47.3716,51.10249,56.40963,63.65074,73.04714,80.96163
F,W,219.5,45.53431,47.43464,51.17823,56.50096,63.7574,73.1608,81.06744
F,W,220.5,45.58875,47.4965,51.25375,56.5932,63.86593,73.27626,81.17373
F,W,221.5,45.64157,47.55724,51.32908,56.68633,63.9762,73.39338,81.28039
F,W,222.5,45.69284,47.61693,51.40422,56.78026,64.08808,73.51197,81.3873
F,W,223.5,45.74262,47.67559,51.47916,56.8749,64.20136,73.63178,81.49427
F,W,224.5,45.79097,47.73323,51.55381,56.9701,64.3158,73.75253,81.60109
F,W,225.5,45.8379,47.78983,51.6281,57.06565,64.4311,73.87389,81.70752
F,W,226.5,45.88343,47.84535,51.70189,57.16132,64.54692,73.99546,81.81326
F,W,227.5,45.92751,47.89972,51.77499,57.2568,64.66283,74.1168,81.91801
F,W,228.5,45.97009,47.9528,51.8472,57.35176,64.77838,74.23744,82.02139
F,W,229.5,46.0111,48.00447,51.91825,57.44578,64.89303,74.35682,82.12303
F,W,230.5,46.0504,48.05453,51.98781,57.5384,65.00619,74.47435,82.22248
F,W,231.5,46.08784,48.10274,52.05553,57.6291,65.1172,74.58939,82.31928
F,W,232.5,46.12322,48.14882,52.12097,57.71728,65.22534,74.70121,82.41292
F,W,233.5,46.1563,48.19244,52.18364,57.80227,65.32981,74.80907,82.50285
F,W,234.5,46.18678,48.23321,52.243,57.88334,65.42974,74.91215,82.58851
F,W,235.5,46.21432,48.27069,52.29842,57.95967,65.52419,75.00958,82.66927
F,W,236.5,46.23851,48.30438,52.34921,58.0304,65.61215,75.10041,82.74448
F,W,237.5,46.25891,48.3337,52.3946,58.09453,65.69252,75.18367,82.81345
F,W,238.5,46.27498,48.358,52.43376,58.15104,65.76413,75.25831,82.87546
F,W,239.5,46.28612,48.37657,52.46576,58.19877,65.82574,75.32321,82.92975
F,W,240,46.28963,48.38346,52.47876,58.21897,65.85238,75.35165,82.95375
